#,التوقيت في الحلقة,التوقيت الكامل,المتحدث,الصفة,نص الاقتباس
1,11:06,00:11:06:00,محمد مشينش,محلل سياسي وعضو الأمانة العامة للمؤتمر الشعبي لفلسطينيي الخارج,السلطة تُريد من خلال الانتخابات أن تجدد شرعيتها السياسية وأن تؤهل مؤسساتها لتولي ترتيبات اليوم التالي في قطاع غزة
2,29:35,00:29:35:00,الدكتورة دلال عريقات,عضو المجلس الثوري لحركة فتح وأستاذة الدبلوماسية وحل الصراعات في الجامعة العربية الأمريكية,من المحتمل تأجيل الانتخابات في ظل الواقع الذي تعيشه الأراضي الفلسطينية
3,31:22,00:31:22:00,الدكتور إيهاب محارمة,باحث في المركز العربي للأبحاث ودراسة السياسات,هذه الانتخابات إن لم تتم فإن المشروع الوطني الفلسطيني سيواجه نكسة جديدة
4,37:45,00:37:45:00,,,التعقيدات التي تفرضها التحالفات السياسية ستظهر بعد الانتخابات لا قبلها
5,38:55,00:38:55:00,,,حركة فتح اتخذت قراراً جاداً بدخول الانتخابات تحت قائمة موحّدة وإنهاء انقساماتها
6,42:39,00:42:39:00,,,يوجد إجماع فلسطيني على إجراء الانتخابات حتى من قبل الأطراف التي تنتقد شروط المشاركة فيها
7,01:16:43,01:16:43:00,,,الحوار الوطني في ضوء المواقف المعلنة من مختلف الأطراف كفيل بتحقيق توافقات بشأن الانتخابات ونتائجها
8,01:27:47,01:27:47:00,,,شروط الترشح للانتخابات تُنافي القانون الأساسي الذي يضمن للجميع حق المشاركة وكذلك وثيقة الاستقلال الفلسطينية
9,02:06:49,02:06:49:00,,,تقديرات أمنية إسرائيلية عبّرت عن مخاوف من نتائج الانتخابات الفلسطينية وهو ما قد يؤدي إلى تأجيلها أو إلغائها في سيناريو مشابه لما حدث عام 2021
